{
    "obj_list": {
        "1": {
            "name":"milk",
            "mesh_file": "MilkBox/Milk_Packaging_centered.obj",
            "pose": [
                [ 0.0,  0.0,  1.0, 0.75],
                [ 0.0, -1.0,  0.0, 0.1],
                [ 1.0,  0.0,  0.0, 0.9],
                [ 0.0,  0.0,  0.0, 1.0]
            ],
            "scale":[0.0065, 0.0065, 0.0065],
            "grasp_pose_object": [
                [ 0.95133,  0.0, -0.30817,  0.0],
                [ 0.0    ,  1.0,  0.0    ,  0.0],
                [ 0.30817,  0.0,  0.95133,  0.0],
                [ 0.0    ,  0.0,  0.0    ,  1.0]
            ],
            "grasp_offset": 0.025,
            "pour_offset_xy": [0, 0],
            "auto_pickpose_generator": {
                "open_length": 0.071,
                "min_open_length": 0.0575,
                "max_angle":1.04,
                "surface_sample_num": 10000,
                "layer_num": 8,
                "sample_each_layer": 12
            }
        },
        "2": {
            "name":"basket",
            "mesh_file":"Basket/kago3_deform.obj",
            "pose": [
            [1.0, 0.0, 0.0, 0.6],
            [0.0, 1.0, 0.0, -0.2],
            [0.0, 0.0, 1.0, 0.94],
            [0.0, 0.0, 0.0, 1.0]
            ],
            "scale":[0.9, 0.6, 0.9],
            "grasp_pose_object_old": [
                [0.96593,  0.0,  0.25882, 0.0  ],
                [0.25882,  0.0, -0.96593, 0.18 ],
                [0.0,      1.0,  0.0,     0.004],
                [0.0,      0.0,  0.0,     1.0  ]
            ],
            "grasp_pose_object": [
                [0.70711,  0.0,  0.70711,  0.0  ],
                [0.70711,  0.0, -0.70711,  0.20 ],
                [0.0    ,  1.0,  0.0    ,  0.004],
                [0.0    ,  0.0,  0.0    ,  1.0  ]
            ],
            "grasp_offset": 0.015
        }
    }
}