{
    "obj_list": {
        "1": {
            "name":"pan",
            "mesh_file": "Pan/pot.ply",
            "pose": [
                [-1.0,  0.0,  0.0, 0.5],
                [ 0.0, -1.0,  0.0, 0.05],
                [ 0.0,  0.0,  1.0, 0.80],
                [ 0.0,  0.0,  0.0, 1.0]
            ],
            "scale":[0.0009, 0.0009, 0.0004],
            "grasp_offset": 0.025,
            "auto_pickpose_generator": {
                "open_length": 0.045,
                "min_open_length": 0.015,
                "max_angle": 0.15707963267948966,
                "surface_sample_num": 7000
            }
        },
        "2": {
            "name":"lid",
            "mesh_file": "Pan/lid_remeshed.ply",
            "pose": [
                [0.0, -1.0, 0.0, 0.5],
                [1.0, 0.0, 0.0, 0.05],
                [0.0, 0.0, 1.0, 0.9],
                [0.0, 0.0, 0.0, 1.0]
            ],
            "scale":[0.315, 0.315, 0.42],
            "grasp_pose_object": [
                [ 0.0    , -1.0,  0.0    ,  0.0],
                [-0.95133,  0.0, -0.30817,  0.0],
                [ 0.30817,  0.0, -0.95133,  0.03],
                [ 0.0    ,  0.0,  0.0    ,  1.0]
            ],
            "grasp_offset": 0.0,
            "lid_handle_name": "lid_handle"
        },
        "3": {  
            "name":"apple_old",
            "mesh_file": "Apple/apple.ply",
            "pose": [
                [1.0, 0.0, 0.0, 0.55],
                [0.0, 0.0, -1.0, -0.2],
                [0.0, 1.0, 0.0, 0.932],
                [0.0, 0.0, 0.0, 1.0]
            ],
            "scale":[0.0006, 0.0006, 0.0006],
            "grasp_pose_object": [
                [0.93159, -0.00693 , 0.36344 , 0.0],
                [0.36345 , 0.03631 ,-0.9309, 0.0],
                [-0.00675  ,0.99932 , 0.03635, 0.0],
                [0.0, 0.0, 0.0, 1.0]
            ],
            "place_object_rotation": [
                [ 0.711  ,  0.41753 , 0.56581, 0.0],
                [ 0.68331 ,-0.22024 ,-0.69613, 0.0],
                [-0.16604 , 0.88157, -0.44188, 0.0],
                [0.0, 0.0, 0.0, 1.0]
            ],
            "grasp_offset": 0.0,
            "auto_pickpose_generator": {
                "open_length": 0.04,
                "min_open_length": 0.015,
                "max_angle": 0.15707963267948966,
                "surface_sample_num": 5000
            }
        },
        "4": {  
            "name":"apple",
            "mesh_file": "Carrot/carrot_centered.obj",
            "pose": [
                [1.0, 0.0, 0.0, 0.55],
                [0.0, 1.0, 0.0, -0.2],
                [0.0, 0.0, 1.0, 0.932],
                [0.0, 0.0, 0.0, 1.0]
            ],
            "scale":[0.0175, 0.03, 0.03],
            "grasp_pose_object": [
                [ 1.0,  0.0,  0.0, 0.0],
                [ 0.0, -1.0,  0.0, 0.0],
                [ 0.0,  0.0, -1.0, 0.0],
                [ 0.0,  0.0,  0.0, 1.0]
            ],
            "place_object_rotation": [
                [ 0.711  ,  0.41753 , 0.56581, 0.0],
                [ 0.68331 ,-0.22024 ,-0.69613, 0.0],
                [-0.16604 , 0.88157, -0.44188, 0.0],
                [0.0, 0.0, 0.0, 1.0]
            ],
            "grasp_offset": 0.02,
            "auto_pickpose_generator": {
                "open_length": 0.04,
                "min_open_length": 0.015,
                "max_angle": 0.15707963267948966,
                "surface_sample_num": 5000
            }
        }
    }
}
